,actor
0,"김도빈,김히어라,안창용,현석준.."
1,"이연경,배다해,송일국,박성훈,서유나,서유진,허도영,임승연,권명현,우현아,한우종,유다영,윤이섭,김태희,육예서,김가온,이은아.."
2,"고상호,박은석,유리아,백형훈,안창용,황민수,김금나,김리.."
3,"고상호,신성민,조환지,김지철 (김영철),손유동,윤석현,김리,최연우,홍지희.."
4,"박규원,이해준,정욱진,유성재,정민,임병근.."
5,
6,"허민진,임강성,박준휘,방선혁,김주호,정의욱,전수미,김은주.."
7,"정인지,유승현,전성민(김유영),김바다,김현진,김주연.."
8,"소냐,문혜원,김용진,정인성,레디,윤비,서동진,이민재,염승윤,백승리,최희재,박온,양병철,김민정.."
9,
10,"김재선,이예은,주요한,최진호.."
11,"민용진,김윤후,차강석,김다운,아린,한미래,박지우,진대연,김민호.."
12,
13,"박일곤,금보미.."
14,"김지환,박정민,이정연,박형준,차강석,윤태우,김현지,임미영,이채영,곽진희,전영진.."
15,"이우진,한상민,강현아,김지은.."
16,"정승환,정재환,김도현,김태윤,조연화,김유진,김지은,김재희,김진우,문준혁,임태양,손영우.."
17,"김다솔,오선미,정여은.."
18,
19,
20,
21,"신재열,장인혁,박민승,조영임,장혜리,최소영,김수언,최성애,이예지,이환,박세웅,김동원.."
22,
